sku,name,price,category,source
LTD8516D,- ST,,,catalog_text.txt
CMIP3CD42WI-28AISP,SKU                                             CMIP3CD42WIB-28AISP                        CMIP3CD42WI-AISP                        CMIP3CD82WIB-28AISP                     CMIP3CD82WI-AISP,,,catalog_text.txt
CMIP3CD82WI-28AISP,SKU                                                                                              CMIP3CD42WI-28LAISP                                                      CMIP3CD82WI-28LAISP,,,catalog_text.txt
CMIP7CD42WI-28AISP,SKU                                                                CMIP7CD82WI-28AISP                                          CMIP8CD42WI-28AISP                              CMIP9CD42WI-28AISP                             CMIP9CD82WI-28AISP,,,catalog_text.txt
CMIP3C42WI-28MDA,CMIP3C82WI-28MDA,,,catalog_text.txt
CMIP3C42WI-MDA,SKU,,,catalog_text.txt
CMIP3C42NWB-28MDA,CMIP3C42WI-28SDL,,,catalog_text.txt
CMIP3C82WIB-28MDA,,,,catalog_text.txt
CMIP3C82WI-28SDL,,,,catalog_text.txt
CMIP7C42WI-28MDA,SKU                                                                                                    CMIP7C82WI-28MDA                                                CMIP7C43W-SDZ,,,catalog_text.txt
CMIP7C43WI-SDLQ,SKU                                                                                                  CMIP8C42WI-28MDA                                                      CMIP9C42WI-28MD,,,catalog_text.txt
CMIP7943WLPR-32R,SKU                                                      SKU                                     LTA-NHS120-P                       SKU                                       OutdoorBOX-03,,,catalog_text.txt
CMIP384PW-28SDL,SKU                                                                   CMIP398PW-2SDL                                  CMIP3C6PW-28SDL                                             CMIP3C8PW-SDL                                          CMIP9C8PW-SDL,,,catalog_text.txt
CMIP7553W4-SZ8,SKU                                                               CMIP7553W5-SZ8                            CMIP3743W2-DLZ                        SKU                                   CMIP7106F-SE                                         CMIP7112F-SE,,,catalog_text.txt
CMIP3342WI-28SDL,CMIP3382WI-28SDL,,,catalog_text.txt
CMIP3342WIB-28SDL,SKU                                                                                         CMIP3382WIB-28SDL,,,catalog_text.txt
CMIP3283W-SDZ,,,,catalog_text.txt
CMIP3142W-28SDA,SKU                                        -WIFI                   CMIP3162W-28SDA                         CMIP3182W-28SDA                     CMIP1C42W-28MDA                      CMIP1C42WB-28MDA,,,catalog_text.txt
CMIP7342WI-28MDA,SKU                                                                                                                                           CMIP7382WI-28MDA,,,catalog_text.txt
CMIP7243W-SDZ,SKU                                                                                                                                       CMIP7283W-SDZ,,,catalog_text.txt
CMIP9743W-SDZ,SKU                                                               CMIP9763W-SDZ                                CMIP9783W-SDZ                                CMIP9243W-SZ                           CMIP9342WI-28SDL                                CMIP9382WI-28SDL,,,catalog_text.txt
CMIP1342WE-28MDA,SKU                                                                                          CMIP1382NW-28MA                                       CMIP1382WE-28MDA,,,catalog_text.txt
CMIP1042W-28MA,SKU                                                                                                   CMIP1043NW-MZ                                                                        CMIP1043W-MDZ,,,catalog_text.txt
CMIP7042W-28MA,SKU                                                                                                                CMIP7043NW-MZ,,,catalog_text.txt
CMIP8042W-28MA,SKU                                                        CMIP8043NW-MZ                                      CMIP8043W-MDZ                       SKU                           CMIP8942W-28SDA-WIFI,,,catalog_text.txt
LTN8964-RN,LTN07128D-R16                       LTN07256D-R16                      LTN07256-R16(L),,,catalog_text.txt
LTN8704QN-P4,SKU                                           LTN8708QN-P8                 LTN8708D-P8N                         LTN8716D-P16N                      LTN8608D-P8N                         LTN8616D-P16N,,,catalog_text.txt
LTD85xx,*Please note CMHT3C5PW-28L only works with  Series DVR models.,,,catalog_text.txt
LTK-1500C-630,LTK-152                                            LTK-4900-25-628                               LTK-4900-26-628,,,catalog_text.txt
LTK-9400-630,LTK-9600-630                                                               LTK-9500-630,,,catalog_text.txt
LTAC1802G-CMR   • Access Control,Intercom,and Alarm           $147,,catalog_text.txt
LTA1002,BNC Male to RCA Female (20 pcs/pack)                                                  • Color: Gray,,,catalog_text.txt
LTAC6250B-CMP,"• Plenum Rated, CMP                                                     LTAH2100E   • Plug & Play                        $21",,,catalog_text.txt
LTAC2040,"• 1,000 ft CCA CAT5e / CAT6                             $49",,,catalog_text.txt
LTAC2033W / LTAC2033B • 500 ft / 1,000 ft RG59,Coaxial 95%,Braided + 18/2        $125            LTAH018L,catalog_text.txt
LTAC2030,• White / Black Bare Wire                               $81                         • VGA / Audio X RJ45 Extender,,,catalog_text.txt
LTAC2032                   • 500 ft / 1,000 ft RG59,Coaxial 95%,Braided + 18/2                               • Video Type: VGA,catalog_text.txt
LTAC2030B-CMX,$89                         • HDMI Extender 1080p,,,catalog_text.txt
LTAC2032B-CMX              • 500 ft / 1,000 ft RG59,Coaxial 95%,Braided + 18/2   $173            LTAH1070E   • Supports 1080p up to 165 ft        $65,catalog_text.txt
LTAC2060W,/ LTAC2060B • Pre-made HD Siamese Cable with BNC and Power Connector     $7.35                       • HD-TVI Distributor,,,catalog_text.txt
LTPS0812                • White,2 / 6 / 12 ft Cord,UL Listed                $15,,catalog_text.txt
LTPS0606-M              • Yellow,6 ft Cord,ETL Listed                       $15,,catalog_text.txt
LTPS0806-M              • Yellow,6 ft Cord,UL Listed                        $20,,catalog_text.txt
LTSecurityinc,Visit .com                                                                                                                               Florida - Miami,,,catalog_text.txt
LXIP7C82WI-28MDA,LXIP9C82WI-28MDA,,,prox_catalog_text.txt
LXKJB05,LXKJB01                                                                                                                                            LXKJB01,,,prox_catalog_text.txt
LXKPD01,$20                               LXJB02B        LXCM01                                          $20                                                $20                             LXJB02B          LXCM01                                        $20,,,prox_catalog_text.txt
LXIP3C83WI-MDAZ,SKU                                                              LXIP3C42W-28AISP                                     LXIP9C42W-28AISP                                 LXIP3C82W-28AISP                                     LXIP9C82W-28AISP,,,prox_catalog_text.txt
LXKWM02,LXPM02                                                                                         LXPM02,,,prox_catalog_text.txt
LXIP3C82NWI-28SDL,,,,prox_catalog_text.txt
LXIP3C42NWI-28SDL,SKU,,,prox_catalog_text.txt
LXIP3C82NWIB-28SDL,,,,prox_catalog_text.txt
LXPTZIP414W-X25IR,SKU                                                                                               LXPTZIP514W-X32IR                                                       LXPTZ518W-25XR,,,prox_catalog_text.txt
LXIP3542WE-28MDA,SKU                                               LXIP3582WE-28MDA                           LXIP7542WE-28MDA                      LXIP7582WE-28MDA                        LXIP8542WE-28MDA                        LXIP8582WE-28MDA,,,prox_catalog_text.txt
LXKJB01,$29                       $25              $29                       $25              $29                 $25               $29                  $25                     LXCM01       LXPM01              LXCM01      LXPM01,,,prox_catalog_text.txt
LXKJB03,LXKWM03                                                                                                                                                                     Junction Box      Corner Mount        Pole Mount,,,prox_catalog_text.txt
LXIP3783WE-MDAZ,SKU                                                                                      LXIP7783WE-SDZ                                                         LXIP8783WE-SDZ,,,prox_catalog_text.txt
LXIP7742W2-28MDA,SKU                                                LXIP7553W4-SZ12                                               LXIP75122F-SE                                           LXIP9943LPR-50R,,,prox_catalog_text.txt
LXKJBWM04,LXJB04                        LXKPD02                             LXPM02,,,prox_catalog_text.txt
LXIP1142W-28MA,SKU                                                                                                                          LXIP1182WE-28MDA,,,prox_catalog_text.txt
LXN7104-P4,SKU                                                  LXN8208D-P8                                   LXN8216D-P16                                LXN8432D-P16,,,prox_catalog_text.txt
XCPOE-SW402G,SKU                                                                              XCPOE-SW802G                                                XCPOE-SW1602G                                                XCPOE-SW2402G,,,prox_catalog_text.txt
